<?xml version="1.0" encoding="UTF-8"?>
<!DOCTYPE hibernate-configuration SYSTEM "http://www.hibernate.org/dtd/hibernate-configuration-3.0.dtd">
<hibernate-configuration>
	<session-factory>
		<!--DB configuration-->
		<property name="hbm2ddl.auto">update</property>
		<property name="dialect">org.hibernate.dialect.MySQL8Dialect</property>
		<property name="connection.url">jdbc:mysql://localhost:3306/lms</property>
		<property name="connection.username">root</property>
		<property name="connection.password">root</property>
		 
	    <property name="connection.driver_class">com.mysql.cj.jdbc.Driver</property>
			<!--Hiber config-->
		<property name="show_sql">true</property>
		
		<!--<mapping resource="book.map.xml" />-->
      
        <mapping class="project.com.LibraryManagementSystem.Models.Book" />
		<mapping class="project.com.LibraryManagementSystem.Models.Issue" />
        <mapping class="project.com.LibraryManagementSystem.Models.User" />
	</session-factory>
</hibernate-configuration>  